PrimerPair,Direction,Sequence
1,forward,TGCCTGATGGAGGGGGATAA
1,reverse,GAGACTCAAGCCTGCCAGTT
2,forward,GGAACTGAGACACGGTCCAG
2,reverse,TTTAACCTTGCGGCCGTACT
3,forward,TGGTAGTCCACGCCGTAAAC
3,reverse,AGTTGCAGACTCCAATCCGG
4,forward,TCTGAGAGGATGACCAGCCA
4,reverse,GTTTACGGCGTGGACTACCA
5,forward,AACTGGCAGGCTTGAGTCTC
5,reverse,AGGGCCATGATGACTTGACG
6,forward,CGCGAAGAACCTTACCTGGT
6,reverse,GCAGGTTCCCCTACGGTTAC
7,forward,CGGTAATACGGAGGGTGCAA
7,reverse,TTCACAACACGAGCTGACGA
8,forward,GCCACACTGGAACTGAGACA
8,reverse,AAGGGCACAACCTCCAAGTC
9,forward,GACTTGGAGGTTGTGCCCTT
9,reverse,TCACCGTGGCATTCTGATCC
10,forward,GAGAGGATGACCAGCCACAC
10,reverse,CTCAAGGGCACAACCTCCAA
